source_url,category,name,notes,found_url,page_title
https://www.biggerpockets.com/,Investors,BiggerPockets,Investor community,https://www.biggerpockets.com/cdn-cgi/content?id=Ya0T5IwXNqqK_uhweBk479yN.Bcg_FQoxsdXoSK0HYg-1767588982.1406932-1.0.1.1-0Uu0FEJe_FQGtjZ1aJrNsWTbX4eoeHsh0Jtt66oPOwM,Build Wealth With Real Estate Investing | BiggerPockets
https://connectedinvestors.com/,Investors,Connected Investors,Investor network and marketplace,https://connectedinvestors.com/features,Connected Investors | Real Estate Investing Software & Tools
https://connectedinvestors.com/,Investors,Connected Investors,Investor network and marketplace,https://connectedinvestors.com/features/find-deals,Connected Investors | Real Estate Investing Software & Tools
https://connectedinvestors.com/,Investors,Connected Investors,Investor network and marketplace,https://connectedinvestors.com/features/cash-buyers,Connected Investors | Real Estate Investing Software & Tools
https://connectedinvestors.com/,Investors,Connected Investors,Investor network and marketplace,https://connectedinvestors.com/features/real-estate-investment-crm,Connected Investors | Real Estate Investing Software & Tools
https://connectedinvestors.com/,Investors,Connected Investors,Investor network and marketplace,https://connectedinvestors.com/features/real-estate-data,Connected Investors | Real Estate Investing Software & Tools
https://connectedinvestors.com/,Investors,Connected Investors,Investor network and marketplace,https://connectedinvestors.com/features/skip-tracing,Connected Investors | Real Estate Investing Software & Tools
https://connectedinvestors.com/,Investors,Connected Investors,Investor network and marketplace,https://connectedinvestors.com/features/on-market-listings,Connected Investors | Real Estate Investing Software & Tools
https://connectedinvestors.com/,Investors,Connected Investors,Investor network and marketplace,https://connectedinvestors.com/features/real-estate-comps-tool,Connected Investors | Real Estate Investing Software & Tools
https://connectedinvestors.com/,Investors,Connected Investors,Investor network and marketplace,https://connectedinvestors.com/features/deal-management-software,Connected Investors | Real Estate Investing Software & Tools
https://connectedinvestors.com/,Investors,Connected Investors,Investor network and marketplace,https://connectedinvestors.com/features/team-management,Connected Investors | Real Estate Investing Software & Tools
https://connectedinvestors.com/,Investors,Connected Investors,Investor network and marketplace,https://connectedinvestors.com/features/collaborate-on-deals,Connected Investors | Real Estate Investing Software & Tools
https://connectedinvestors.com/,Investors,Connected Investors,Investor network and marketplace,https://connectedinvestors.com/wholesaling-software,Connected Investors | Real Estate Investing Software & Tools
https://connectedinvestors.com/,Investors,Connected Investors,Investor network and marketplace,https://connectedinvestors.com/long-term-rental-investing,Connected Investors | Real Estate Investing Software & Tools
https://connectedinvestors.com/,Investors,Connected Investors,Investor network and marketplace,https://connectedinvestors.com/multifamily-investments,Connected Investors | Real Estate Investing Software & Tools
https://connectedinvestors.com/,Investors,Connected Investors,Investor network and marketplace,https://connectedinvestors.com/house-flipping-software,Connected Investors | Real Estate Investing Software & Tools
https://connectedinvestors.com/,Investors,Connected Investors,Investor network and marketplace,https://connectedinvestors.com/subject-to-real-estate-deals,Connected Investors | Real Estate Investing Software & Tools
https://connectedinvestors.com/,Investors,Connected Investors,Investor network and marketplace,https://connectedinvestors.com/brrrr,Connected Investors | Real Estate Investing Software & Tools
https://connectedinvestors.com/,Investors,Connected Investors,Investor network and marketplace,https://connectedinvestors.com/short-term-rental-investing,Connected Investors | Real Estate Investing Software & Tools
https://connectedinvestors.com/,Investors,Connected Investors,Investor network and marketplace,https://connectedinvestors.com/house-hacking,Connected Investors | Real Estate Investing Software & Tools
https://connectedinvestors.com/,Investors,Connected Investors,Investor network and marketplace,https://connectedinvestors.com/new-investor,Connected Investors | Real Estate Investing Software & Tools
https://connectedinvestors.com/,Investors,Connected Investors,Investor network and marketplace,https://connectedinvestors.com/pro-investor,Connected Investors | Real Estate Investing Software & Tools
https://connectedinvestors.com/,Investors,Connected Investors,Investor network and marketplace,https://connectedinvestors.com/webinars,Connected Investors | Real Estate Investing Software & Tools
https://connectedinvestors.com/,Investors,Connected Investors,Investor network and marketplace,https://connectedinvestors.com/daily-live-trainings,Connected Investors | Real Estate Investing Software & Tools
https://connectedinvestors.com/,Investors,Connected Investors,Investor network and marketplace,https://connectedinvestors.com/contact,Connected Investors | Real Estate Investing Software & Tools
https://connectedinvestors.com/,Investors,Connected Investors,Investor network and marketplace,https://connectedinvestors.com/blog,Connected Investors | Real Estate Investing Software & Tools
https://connectedinvestors.com/,Investors,Connected Investors,Investor network and marketplace,https://connectedinvestors.com/faqs,Connected Investors | Real Estate Investing Software & Tools
https://connectedinvestors.com/,Investors,Connected Investors,Investor network and marketplace,https://connectedinvestors.com/investment-property-search,Connected Investors | Real Estate Investing Software & Tools
https://connectedinvestors.com/,Investors,Connected Investors,Investor network and marketplace,https://connectedinvestors.com/formula,Connected Investors | Real Estate Investing Software & Tools
https://connectedinvestors.com/,Investors,Connected Investors,Investor network and marketplace,https://connectedinvestors.com/pricing,Connected Investors | Real Estate Investing Software & Tools
https://connectedinvestors.com/,Investors,Connected Investors,Investor network and marketplace,https://connectedinvestors.com/get-started,Connected Investors | Real Estate Investing Software & Tools
https://connectedinvestors.com/,Investors,Connected Investors,Investor network and marketplace,https://connectedinvestors.platlabs.com/login,Connected Investors | Real Estate Investing Software & Tools
https://connectedinvestors.com/,Investors,Connected Investors,Investor network and marketplace,https://connectedinvestors.com/pricing,Connected Investors | Real Estate Investing Software & Tools
https://connectedinvestors.com/,Investors,Connected Investors,Investor network and marketplace,https://connectedinvestors.com/about,Connected Investors | Real Estate Investing Software & Tools
https://connectedinvestors.com/,Investors,Connected Investors,Investor network and marketplace,https://connectedinvestors.com/private-lenders,Connected Investors | Real Estate Investing Software & Tools
https://connectedinvestors.com/,Investors,Connected Investors,Investor network and marketplace,https://connectedinvestors.com/private-lender-network,Connected Investors | Real Estate Investing Software & Tools
https://connectedinvestors.com/,Investors,Connected Investors,Investor network and marketplace,https://connectedinvestors.com/affiliates,Connected Investors | Real Estate Investing Software & Tools
https://connectedinvestors.com/,Investors,Connected Investors,Investor network and marketplace,https://privatelenders.com/go,Connected Investors | Real Estate Investing Software & Tools
https://connectedinvestors.com/,Investors,Connected Investors,Investor network and marketplace,https://connectedinvestors.com/get-started,Connected Investors | Real Estate Investing Software & Tools
https://connectedinvestors.com/,Investors,Connected Investors,Investor network and marketplace,https://connectedinvestors.platlabs.com/login,Connected Investors | Real Estate Investing Software & Tools
https://connectedinvestors.com/,Investors,Connected Investors,Investor network and marketplace,https://connectedinvestors.com/get-started,Connected Investors | Real Estate Investing Software & Tools
https://connectedinvestors.com/,Investors,Connected Investors,Investor network and marketplace,https://connectedinvestors.com/get-started,Connected Investors | Real Estate Investing Software & Tools
https://connectedinvestors.com/,Investors,Connected Investors,Investor network and marketplace,https://connectedinvestors.com/features/find-deals,Connected Investors | Real Estate Investing Software & Tools
https://connectedinvestors.com/,Investors,Connected Investors,Investor network and marketplace,https://connectedinvestors.com/features/real-estate-data,Connected Investors | Real Estate Investing Software & Tools
https://connectedinvestors.com/,Investors,Connected Investors,Investor network and marketplace,https://connectedinvestors.com/get-started,Connected Investors | Real Estate Investing Software & Tools
https://connectedinvestors.com/,Investors,Connected Investors,Investor network and marketplace,https://connectedinvestors.com/features/collaborate-on-deals,Connected Investors | Real Estate Investing Software & Tools
https://connectedinvestors.com/,Investors,Connected Investors,Investor network and marketplace,https://connectedinvestors.com/get-started,Connected Investors | Real Estate Investing Software & Tools
https://connectedinvestors.com/,Investors,Connected Investors,Investor network and marketplace,https://privatelenders.com/go,Connected Investors | Real Estate Investing Software & Tools
https://connectedinvestors.com/,Investors,Connected Investors,Investor network and marketplace,https://connectedinvestors.com/features/cash-buyers,Connected Investors | Real Estate Investing Software & Tools
https://connectedinvestors.com/,Investors,Connected Investors,Investor network and marketplace,https://connectedinvestors.com/get-started,Connected Investors | Real Estate Investing Software & Tools
https://connectedinvestors.com/,Investors,Connected Investors,Investor network and marketplace,https://connectedinvestors.com/features,Connected Investors | Real Estate Investing Software & Tools
https://connectedinvestors.com/,Investors,Connected Investors,Investor network and marketplace,https://connectedinvestors.com/get-started,Connected Investors | Real Estate Investing Software & Tools
https://connectedinvestors.com/,Investors,Connected Investors,Investor network and marketplace,https://connectedinvestors.com/get-started,Connected Investors | Real Estate Investing Software & Tools
https://connectedinvestors.com/,Investors,Connected Investors,Investor network and marketplace,https://connectedinvestors.com/get-started,Connected Investors | Real Estate Investing Software & Tools
https://connectedinvestors.com/,Investors,Connected Investors,Investor network and marketplace,https://connectedinvestors.com/pro-investor,Connected Investors | Real Estate Investing Software & Tools
https://connectedinvestors.com/,Investors,Connected Investors,Investor network and marketplace,https://connectedinvestors.com/new-investor,Connected Investors | Real Estate Investing Software & Tools
https://connectedinvestors.com/,Investors,Connected Investors,Investor network and marketplace,https://connectedinvestors.com/wholesaling-software,Connected Investors | Real Estate Investing Software & Tools
https://connectedinvestors.com/,Investors,Connected Investors,Investor network and marketplace,https://connectedinvestors.com/house-flipping-software,Connected Investors | Real Estate Investing Software & Tools
https://connectedinvestors.com/,Investors,Connected Investors,Investor network and marketplace,https://connectedinvestors.com/long-term-rental-investing,Connected Investors | Real Estate Investing Software & Tools
https://connectedinvestors.com/,Investors,Connected Investors,Investor network and marketplace,https://connectedinvestors.com/subject-to-real-estate-deals,Connected Investors | Real Estate Investing Software & Tools
https://connectedinvestors.com/,Investors,Connected Investors,Investor network and marketplace,https://connectedinvestors.com/brrrr,Connected Investors | Real Estate Investing Software & Tools
https://connectedinvestors.com/,Investors,Connected Investors,Investor network and marketplace,https://connectedinvestors.com/house-hacking,Connected Investors | Real Estate Investing Software & Tools
https://connectedinvestors.com/,Investors,Connected Investors,Investor network and marketplace,https://connectedinvestors.com/features/find-deals,Connected Investors | Real Estate Investing Software & Tools
https://connectedinvestors.com/,Investors,Connected Investors,Investor network and marketplace,https://connectedinvestors.com/multifamily-investments,Connected Investors | Real Estate Investing Software & Tools
https://connectedinvestors.com/,Investors,Connected Investors,Investor network and marketplace,https://connectedinvestors.com/features/find-deals,Connected Investors | Real Estate Investing Software & Tools
https://connectedinvestors.com/,Investors,Connected Investors,Investor network and marketplace,https://connectedinvestors.com/features/cash-buyers,Connected Investors | Real Estate Investing Software & Tools
https://connectedinvestors.com/,Investors,Connected Investors,Investor network and marketplace,https://connectedinvestors.com/features/skip-tracing,Connected Investors | Real Estate Investing Software & Tools
https://connectedinvestors.com/,Investors,Connected Investors,Investor network and marketplace,https://connectedinvestors.com/features/real-estate-data,Connected Investors | Real Estate Investing Software & Tools
https://connectedinvestors.com/,Investors,Connected Investors,Investor network and marketplace,https://connectedinvestors.com/features/real-estate-investment-crm,Connected Investors | Real Estate Investing Software & Tools
https://connectedinvestors.com/,Investors,Connected Investors,Investor network and marketplace,https://connectedinvestors.com/features/real-estate-data,Connected Investors | Real Estate Investing Software & Tools
https://connectedinvestors.com/,Investors,Connected Investors,Investor network and marketplace,https://connectedinvestors.com/features/collaborate-on-deals,Connected Investors | Real Estate Investing Software & Tools
https://connectedinvestors.com/,Investors,Connected Investors,Investor network and marketplace,https://connectedinvestors.com/features/team-management,Connected Investors | Real Estate Investing Software & Tools
https://connectedinvestors.com/,Investors,Connected Investors,Investor network and marketplace,https://careers.firstam.com/,Connected Investors | Real Estate Investing Software & Tools
https://connectedinvestors.com/,Investors,Connected Investors,Investor network and marketplace,https://www.facebook.com/connectedinvestors,Connected Investors | Real Estate Investing Software & Tools
https://connectedinvestors.com/,Investors,Connected Investors,Investor network and marketplace,https://www.linkedin.com/company/connected-investors,Connected Investors | Real Estate Investing Software & Tools
https://connectedinvestors.com/,Investors,Connected Investors,Investor network and marketplace,https://www.youtube.com/user/ConnectedInvestors,Connected Investors | Real Estate Investing Software & Tools
https://connectedinvestors.com/,Investors,Connected Investors,Investor network and marketplace,https://firstam.service-now.com/x_farf2_dp_request_ci_opt_out.do?sysparm_id=6d6e7e8edb3e3158665f182813961985,Connected Investors | Real Estate Investing Software & Tools
https://connectedinvestors.com/,Investors,Connected Investors,Investor network and marketplace,https://dos.ny.gov/standardized-operating-procedures,Connected Investors | Real Estate Investing Software & Tools
https://connectedinvestors.com/,Investors,Connected Investors,Investor network and marketplace,https://dos.ny.gov/system/files/documents/2024/06/nys-housing-and-anti-discrimination-notice_06.2024.pdf,Connected Investors | Real Estate Investing Software & Tools
https://connectedinvestors.com/,Investors,Connected Investors,Investor network and marketplace,https://www.trec.texas.gov/forms/consumer-protection-notice,Connected Investors | Real Estate Investing Software & Tools
https://connectedinvestors.com/,Investors,Connected Investors,Investor network and marketplace,https://www.platlabs.com/contact,Connected Investors | Real Estate Investing Software & Tools
https://connectedinvestors.com/investment-property-search,Golden Egg,Investment Property For Sale,Direct property search,https://connectedinvestors.platlabs.com/login,Investment Property For Sale | Search Properties & Find Deals | ConnectedInvestors.com
https://connectedinvestors.com/investment-property-search,Golden Egg,Investment Property For Sale,Direct property search,https://connectedinvestors.com/get-started,Investment Property For Sale | Search Properties & Find Deals | ConnectedInvestors.com
https://connectedinvestors.com/investment-property-search,Golden Egg,Investment Property For Sale,Direct property search,https://connectedinvestors.com/forum/investing-in-real-estate-for-beginners,Investment Property For Sale | Search Properties & Find Deals | ConnectedInvestors.com
https://connectedinvestors.com/investment-property-search,Golden Egg,Investment Property For Sale,Direct property search,http://www.cix.com,Investment Property For Sale | Search Properties & Find Deals | ConnectedInvestors.com
https://connectedinvestors.com/investment-property-search,Golden Egg,Investment Property For Sale,Direct property search,https://connectedinvestors.com/blog/wholesaling-houses-step-by-step/,Investment Property For Sale | Search Properties & Find Deals | ConnectedInvestors.com
https://connectedinvestors.com/investment-property-search,Golden Egg,Investment Property For Sale,Direct property search,https://apps.apple.com/us/app/connected-investors/id1029596546,Investment Property For Sale | Search Properties & Find Deals | ConnectedInvestors.com
https://connectedinvestors.com/investment-property-search,Golden Egg,Investment Property For Sale,Direct property search,https://connectedinvestors.com,Investment Property For Sale | Search Properties & Find Deals | ConnectedInvestors.com
https://connectedinvestors.com/investment-property-search,Golden Egg,Investment Property For Sale,Direct property search,https://connectedinvestors.com/contact,Investment Property For Sale | Search Properties & Find Deals | ConnectedInvestors.com
https://connectedinvestors.com/investment-property-search,Golden Egg,Investment Property For Sale,Direct property search,https://careers.firstam.com,Investment Property For Sale | Search Properties & Find Deals | ConnectedInvestors.com
https://connectedinvestors.com/investment-property-search,Golden Egg,Investment Property For Sale,Direct property search,https://connectedinvestors.com/terms-and-conditions,Investment Property For Sale | Search Properties & Find Deals | ConnectedInvestors.com
https://connectedinvestors.com/investment-property-search,Golden Egg,Investment Property For Sale,Direct property search,https://connectedinvestors.com/privacy-policy,Investment Property For Sale | Search Properties & Find Deals | ConnectedInvestors.com
https://connectedinvestors.com/investment-property-search,Golden Egg,Investment Property For Sale,Direct property search,https://firstam.service-now.com/x_farf2_dp_request_ci_opt_out.do?sysparm_id=6d6e7e8edb3e3158665f182813961985,Investment Property For Sale | Search Properties & Find Deals | ConnectedInvestors.com
https://connectedinvestors.com/investment-property-search,Golden Egg,Investment Property For Sale,Direct property search,https://connectedinvestors.com/ada,Investment Property For Sale | Search Properties & Find Deals | ConnectedInvestors.com
https://connectedinvestors.com/investment-property-search,Golden Egg,Investment Property For Sale,Direct property search,https://connectedinvestors.com/blog,Investment Property For Sale | Search Properties & Find Deals | ConnectedInvestors.com
https://connectedinvestors.com/investment-property-search,Golden Egg,Investment Property For Sale,Direct property search,https://connectedinvestors.com/webinars,Investment Property For Sale | Search Properties & Find Deals | ConnectedInvestors.com
https://connectedinvestors.com/investment-property-search,Golden Egg,Investment Property For Sale,Direct property search,https://connectedinvestors.com/formula,Investment Property For Sale | Search Properties & Find Deals | ConnectedInvestors.com
https://connectedinvestors.com/investment-property-search,Golden Egg,Investment Property For Sale,Direct property search,https://cix.connectedinvestors.com/,Investment Property For Sale | Search Properties & Find Deals | ConnectedInvestors.com
https://connectedinvestors.com/investment-property-search,Golden Egg,Investment Property For Sale,Direct property search,https://new.connectedinvestors.com/leads,Investment Property For Sale | Search Properties & Find Deals | ConnectedInvestors.com
https://connectedinvestors.com/investment-property-search,Golden Egg,Investment Property For Sale,Direct property search,https://www.facebook.com/connectedinvestors,Investment Property For Sale | Search Properties & Find Deals | ConnectedInvestors.com
https://connectedinvestors.com/investment-property-search,Golden Egg,Investment Property For Sale,Direct property search,https://instagram.com/connectedinvestors,Investment Property For Sale | Search Properties & Find Deals | ConnectedInvestors.com
https://connectedinvestors.com/investment-property-search,Golden Egg,Investment Property For Sale,Direct property search,https://twitter.com/cinvestors,Investment Property For Sale | Search Properties & Find Deals | ConnectedInvestors.com
https://connectedinvestors.com/investment-property-search,Golden Egg,Investment Property For Sale,Direct property search,https://www.youtube.com/user/ConnectedInvestors,Investment Property For Sale | Search Properties & Find Deals | ConnectedInvestors.com
https://connectedinvestors.com/investment-property-search,Golden Egg,Investment Property For Sale,Direct property search,https://www.linkedin.com/company/connected-investors/,Investment Property For Sale | Search Properties & Find Deals | ConnectedInvestors.com
https://connectedinvestors.com/investment-property-search,Golden Egg,Investment Property For Sale,Direct property search,http://new.connectedinvestors.com/mobile?_gl=1*1e7ssf4*_ga*MTc1NTUwMTI3MC4xNjYzMDE1Nzgz*_ga_G1P40MVL9X*MTY2MzAxNTc4My4xLjAuMTY2MzAxNTc4Ni41Ny4wLjA.&_ga=2.88129115.139101090.1663015784-1755501270.1663015783,Investment Property For Sale | Search Properties & Find Deals | ConnectedInvestors.com
https://privatelenders.com/,Golden Egg,Private Funding,Private funding marketplace,https://privatelenders.com/join-lender-network,Private Lenders
https://privatelenders.com/,Golden Egg,Private Funding,Private funding marketplace,https://privatelenders.com/articles,Private Lenders
https://privatelenders.com/,Golden Egg,Private Funding,Private funding marketplace,https://privatelenders.com/join-lender-network,Private Lenders
https://privatelenders.com/,Golden Egg,Private Funding,Private funding marketplace,https://privatelenders.com/articles,Private Lenders
https://privatelenders.com/,Golden Egg,Private Funding,Private funding marketplace,https://firstam.service-now.com/x_farf2_dp_request_ci_opt_out.do?sysparm_id=6d6e7e8edb3e3158665f182813961985,Private Lenders
https://connectedinvestors.com/blog,Golden Egg,Real Estate Investment Courses,Education and scripts,https://connectedinvestors.com/features,Real Estate Investing Blog for Success  | Connected Investors
https://connectedinvestors.com/blog,Golden Egg,Real Estate Investment Courses,Education and scripts,https://connectedinvestors.com/features/find-deals,Real Estate Investing Blog for Success  | Connected Investors
https://connectedinvestors.com/blog,Golden Egg,Real Estate Investment Courses,Education and scripts,https://connectedinvestors.com/features/cash-buyers,Real Estate Investing Blog for Success  | Connected Investors
https://connectedinvestors.com/blog,Golden Egg,Real Estate Investment Courses,Education and scripts,https://connectedinvestors.com/features/real-estate-investment-crm,Real Estate Investing Blog for Success  | Connected Investors
https://connectedinvestors.com/blog,Golden Egg,Real Estate Investment Courses,Education and scripts,https://connectedinvestors.com/features/real-estate-data,Real Estate Investing Blog for Success  | Connected Investors
https://connectedinvestors.com/blog,Golden Egg,Real Estate Investment Courses,Education and scripts,https://connectedinvestors.com/features/skip-tracing,Real Estate Investing Blog for Success  | Connected Investors
https://connectedinvestors.com/blog,Golden Egg,Real Estate Investment Courses,Education and scripts,https://connectedinvestors.com/features/on-market-listings,Real Estate Investing Blog for Success  | Connected Investors
https://connectedinvestors.com/blog,Golden Egg,Real Estate Investment Courses,Education and scripts,https://connectedinvestors.com/features/real-estate-comps-tool,Real Estate Investing Blog for Success  | Connected Investors
https://connectedinvestors.com/blog,Golden Egg,Real Estate Investment Courses,Education and scripts,https://connectedinvestors.com/features/deal-management-software,Real Estate Investing Blog for Success  | Connected Investors
https://connectedinvestors.com/blog,Golden Egg,Real Estate Investment Courses,Education and scripts,https://connectedinvestors.com/features/team-management,Real Estate Investing Blog for Success  | Connected Investors
https://connectedinvestors.com/blog,Golden Egg,Real Estate Investment Courses,Education and scripts,https://connectedinvestors.com/features/collaborate-on-deals,Real Estate Investing Blog for Success  | Connected Investors
https://connectedinvestors.com/blog,Golden Egg,Real Estate Investment Courses,Education and scripts,https://connectedinvestors.com/wholesaling-software,Real Estate Investing Blog for Success  | Connected Investors
https://connectedinvestors.com/blog,Golden Egg,Real Estate Investment Courses,Education and scripts,https://connectedinvestors.com/long-term-rental-investing,Real Estate Investing Blog for Success  | Connected Investors
https://connectedinvestors.com/blog,Golden Egg,Real Estate Investment Courses,Education and scripts,https://connectedinvestors.com/multifamily-investments,Real Estate Investing Blog for Success  | Connected Investors
https://connectedinvestors.com/blog,Golden Egg,Real Estate Investment Courses,Education and scripts,https://connectedinvestors.com/house-flipping-software,Real Estate Investing Blog for Success  | Connected Investors
https://connectedinvestors.com/blog,Golden Egg,Real Estate Investment Courses,Education and scripts,https://connectedinvestors.com/subject-to-real-estate-deals,Real Estate Investing Blog for Success  | Connected Investors
https://connectedinvestors.com/blog,Golden Egg,Real Estate Investment Courses,Education and scripts,https://connectedinvestors.com/brrrr,Real Estate Investing Blog for Success  | Connected Investors
https://connectedinvestors.com/blog,Golden Egg,Real Estate Investment Courses,Education and scripts,https://connectedinvestors.com/short-term-rental-investing,Real Estate Investing Blog for Success  | Connected Investors
https://connectedinvestors.com/blog,Golden Egg,Real Estate Investment Courses,Education and scripts,https://connectedinvestors.com/house-hacking,Real Estate Investing Blog for Success  | Connected Investors
https://connectedinvestors.com/blog,Golden Egg,Real Estate Investment Courses,Education and scripts,https://connectedinvestors.com/new-investor,Real Estate Investing Blog for Success  | Connected Investors
https://connectedinvestors.com/blog,Golden Egg,Real Estate Investment Courses,Education and scripts,https://connectedinvestors.com/pro-investor,Real Estate Investing Blog for Success  | Connected Investors
https://connectedinvestors.com/blog,Golden Egg,Real Estate Investment Courses,Education and scripts,https://connectedinvestors.com/webinars,Real Estate Investing Blog for Success  | Connected Investors
https://connectedinvestors.com/blog,Golden Egg,Real Estate Investment Courses,Education and scripts,https://connectedinvestors.com/daily-live-trainings,Real Estate Investing Blog for Success  | Connected Investors
https://connectedinvestors.com/blog,Golden Egg,Real Estate Investment Courses,Education and scripts,https://connectedinvestors.com/contact,Real Estate Investing Blog for Success  | Connected Investors
https://connectedinvestors.com/blog,Golden Egg,Real Estate Investment Courses,Education and scripts,https://connectedinvestors.com/blog,Real Estate Investing Blog for Success  | Connected Investors
https://connectedinvestors.com/blog,Golden Egg,Real Estate Investment Courses,Education and scripts,https://connectedinvestors.com/faqs,Real Estate Investing Blog for Success  | Connected Investors
https://connectedinvestors.com/blog,Golden Egg,Real Estate Investment Courses,Education and scripts,https://connectedinvestors.com/investment-property-search,Real Estate Investing Blog for Success  | Connected Investors
https://connectedinvestors.com/blog,Golden Egg,Real Estate Investment Courses,Education and scripts,https://connectedinvestors.com/formula,Real Estate Investing Blog for Success  | Connected Investors
https://connectedinvestors.com/blog,Golden Egg,Real Estate Investment Courses,Education and scripts,https://connectedinvestors.com/pricing,Real Estate Investing Blog for Success  | Connected Investors
https://connectedinvestors.com/blog,Golden Egg,Real Estate Investment Courses,Education and scripts,https://connectedinvestors.com/get-started,Real Estate Investing Blog for Success  | Connected Investors
https://connectedinvestors.com/blog,Golden Egg,Real Estate Investment Courses,Education and scripts,https://connectedinvestors.platlabs.com/login,Real Estate Investing Blog for Success  | Connected Investors
https://connectedinvestors.com/blog,Golden Egg,Real Estate Investment Courses,Education and scripts,https://connectedinvestors.com/pricing,Real Estate Investing Blog for Success  | Connected Investors
https://connectedinvestors.com/blog,Golden Egg,Real Estate Investment Courses,Education and scripts,https://connectedinvestors.com/about,Real Estate Investing Blog for Success  | Connected Investors
https://connectedinvestors.com/blog,Golden Egg,Real Estate Investment Courses,Education and scripts,https://connectedinvestors.com/private-lenders,Real Estate Investing Blog for Success  | Connected Investors
https://connectedinvestors.com/blog,Golden Egg,Real Estate Investment Courses,Education and scripts,https://connectedinvestors.com/private-lender-network,Real Estate Investing Blog for Success  | Connected Investors
https://connectedinvestors.com/blog,Golden Egg,Real Estate Investment Courses,Education and scripts,https://connectedinvestors.com/affiliates,Real Estate Investing Blog for Success  | Connected Investors
https://connectedinvestors.com/blog,Golden Egg,Real Estate Investment Courses,Education and scripts,https://privatelenders.com/go,Real Estate Investing Blog for Success  | Connected Investors
https://connectedinvestors.com/blog,Golden Egg,Real Estate Investment Courses,Education and scripts,https://connectedinvestors.com/get-started,Real Estate Investing Blog for Success  | Connected Investors
https://connectedinvestors.com/blog,Golden Egg,Real Estate Investment Courses,Education and scripts,https://connectedinvestors.platlabs.com/login,Real Estate Investing Blog for Success  | Connected Investors
https://connectedinvestors.com/blog,Golden Egg,Real Estate Investment Courses,Education and scripts,https://connectedinvestors.com/blog/skip-tracing,Real Estate Investing Blog for Success  | Connected Investors
https://connectedinvestors.com/blog,Golden Egg,Real Estate Investment Courses,Education and scripts,https://connectedinvestors.com/blog/sale-leaseback,Real Estate Investing Blog for Success  | Connected Investors
https://connectedinvestors.com/blog,Golden Egg,Real Estate Investment Courses,Education and scripts,https://connectedinvestors.com/blog/clear-title,Real Estate Investing Blog for Success  | Connected Investors
https://connectedinvestors.com/blog,Golden Egg,Real Estate Investment Courses,Education and scripts,https://connectedinvestors.com/blog/making-the-big-bucks-as-a-property-locator,Real Estate Investing Blog for Success  | Connected Investors
https://connectedinvestors.com/blog,Golden Egg,Real Estate Investment Courses,Education and scripts,https://connectedinvestors.com/blog/how-to-successfully-manage-a-vacation-rental-property-5-essential-tips,Real Estate Investing Blog for Success  | Connected Investors
https://connectedinvestors.com/blog,Golden Egg,Real Estate Investment Courses,Education and scripts,https://connectedinvestors.com/blog/micro-flipping,Real Estate Investing Blog for Success  | Connected Investors
https://connectedinvestors.com/blog,Golden Egg,Real Estate Investment Courses,Education and scripts,https://connectedinvestors.com/blog/find-probate-properties,Real Estate Investing Blog for Success  | Connected Investors
https://connectedinvestors.com/blog,Golden Egg,Real Estate Investment Courses,Education and scripts,https://connectedinvestors.com/blog/the-impact-of-ai-on-small-business-time-management,Real Estate Investing Blog for Success  | Connected Investors
https://connectedinvestors.com/blog,Golden Egg,Real Estate Investment Courses,Education and scripts,https://connectedinvestors.com/blog/how-to-flip-houses-with-no-money,Real Estate Investing Blog for Success  | Connected Investors
https://connectedinvestors.com/blog,Golden Egg,Real Estate Investment Courses,Education and scripts,https://connectedinvestors.com/blog/real-estate-partnerships,Real Estate Investing Blog for Success  | Connected Investors
https://connectedinvestors.com/blog,Golden Egg,Real Estate Investment Courses,Education and scripts,https://connectedinvestors.com/blog/page/2,Real Estate Investing Blog for Success  | Connected Investors
https://connectedinvestors.com/blog,Golden Egg,Real Estate Investment Courses,Education and scripts,https://connectedinvestors.com/blog/page/3,Real Estate Investing Blog for Success  | Connected Investors
https://connectedinvestors.com/blog,Golden Egg,Real Estate Investment Courses,Education and scripts,https://connectedinvestors.com/blog/page/4,Real Estate Investing Blog for Success  | Connected Investors
https://connectedinvestors.com/blog,Golden Egg,Real Estate Investment Courses,Education and scripts,https://connectedinvestors.com/blog/page/5,Real Estate Investing Blog for Success  | Connected Investors
https://connectedinvestors.com/blog,Golden Egg,Real Estate Investment Courses,Education and scripts,https://connectedinvestors.com/blog,Real Estate Investing Blog for Success  | Connected Investors
https://connectedinvestors.com/blog,Golden Egg,Real Estate Investment Courses,Education and scripts,https://connectedinvestors.com/blog/page/2,Real Estate Investing Blog for Success  | Connected Investors
https://connectedinvestors.com/blog,Golden Egg,Real Estate Investment Courses,Education and scripts,https://careers.firstam.com/,Real Estate Investing Blog for Success  | Connected Investors
https://connectedinvestors.com/blog,Golden Egg,Real Estate Investment Courses,Education and scripts,https://www.facebook.com/connectedinvestors,Real Estate Investing Blog for Success  | Connected Investors
https://connectedinvestors.com/blog,Golden Egg,Real Estate Investment Courses,Education and scripts,https://www.linkedin.com/company/connected-investors,Real Estate Investing Blog for Success  | Connected Investors
https://connectedinvestors.com/blog,Golden Egg,Real Estate Investment Courses,Education and scripts,https://www.youtube.com/user/ConnectedInvestors,Real Estate Investing Blog for Success  | Connected Investors
https://connectedinvestors.com/blog,Golden Egg,Real Estate Investment Courses,Education and scripts,https://firstam.service-now.com/x_farf2_dp_request_ci_opt_out.do?sysparm_id=6d6e7e8edb3e3158665f182813961985,Real Estate Investing Blog for Success  | Connected Investors
https://connectedinvestors.com/blog,Golden Egg,Real Estate Investment Courses,Education and scripts,https://dos.ny.gov/standardized-operating-procedures,Real Estate Investing Blog for Success  | Connected Investors
https://connectedinvestors.com/blog,Golden Egg,Real Estate Investment Courses,Education and scripts,https://dos.ny.gov/system/files/documents/2024/06/nys-housing-and-anti-discrimination-notice_06.2024.pdf,Real Estate Investing Blog for Success  | Connected Investors
https://connectedinvestors.com/blog,Golden Egg,Real Estate Investment Courses,Education and scripts,https://www.trec.texas.gov/forms/consumer-protection-notice,Real Estate Investing Blog for Success  | Connected Investors
https://connectedinvestors.com/blog,Golden Egg,Real Estate Investment Courses,Education and scripts,https://www.platlabs.com/contact,Real Estate Investing Blog for Success  | Connected Investors
https://www.reia.org/,Investors,REIA,Investor association,https://www.reia.org/,Home
https://www.reia.org/,Investors,REIA,Investor association,https://reia.memberclicks.net/leadership-25-2#executive-committee-directors,Home
https://www.reia.org/,Investors,REIA,Investor association,https://reia.memberclicks.net/leadership-25-2#board-of-advisors,Home
https://www.reia.org/,Investors,REIA,Investor association,https://reia.memberclicks.net/leadership#directors-at-large,Home
https://www.reia.org/,Investors,REIA,Investor association,https://reia.memberclicks.net/reia-membership#benefits,Home
https://www.reia.org/,Investors,REIA,Investor association,https://reia.memberclicks.net/reia-membership#categories,Home
https://www.reia.org/,Investors,REIA,Investor association,https://www.reia.org/,Home
https://www.reia.org/,Investors,REIA,Investor association,https://reia.memberclicks.net/leadership-25-2#executive-committee-directors,Home
https://www.reia.org/,Investors,REIA,Investor association,https://reia.memberclicks.net/leadership-25-2#board-of-advisors,Home
https://www.reia.org/,Investors,REIA,Investor association,https://reia.memberclicks.net/leadership#directors-at-large,Home
https://www.reia.org/,Investors,REIA,Investor association,https://reia.memberclicks.net/reia-membership#benefits,Home
https://www.reia.org/,Investors,REIA,Investor association,https://reia.memberclicks.net/reia-membership#categories,Home
https://www.reia.org/,Investors,REIA,Investor association,https://www.reia.org/index.php?option=com_jevents&task=icalrepeat.detail&evid=273&Itemid=127&year=2026&month=01&day=22&title=dealmakers-cocktail-party&uid=6ea7c13c3019d91c906cd70119e81b0a,Home
https://www.reia.org/,Investors,REIA,Investor association,https://reia.memberclicks.net/index.php?option=com_mcform&view=form&id=15516,Home
https://www.reia.org/,Investors,REIA,Investor association,https://reia.memberclicks.net/index.php?option=com_mcform&view=form&id=15516,Home
https://www.reia.org/,Investors,REIA,Investor association,http://www.reia.org,Home
https://www.reia.org/,Investors,REIA,Investor association,https://www.linkedin.com/company/real-estate-investment-association-reia-chicago/?viewAsMember=true,Home
https://www.reia.org/,Investors,REIA,Investor association,https://www.instagram.com/reiachicago/,Home
https://www.reia.org/,Investors,REIA,Investor association,https://www.instagram.com/reiachicago/,Home
https://www.reia.org/,Investors,REIA,Investor association,http://www.memberclicks.com/,Home
https://nationalreia.org/,Investors,National REIA,National investor association,https://nationalreia.org/find-a-reia/,Welcome to National REIA - National REIA
https://nationalreia.org/,Investors,National REIA,National investor association,https://nationalreia.org/advocacy/,Welcome to National REIA - National REIA
https://nationalreia.org/,Investors,National REIA,National investor association,https://nationalreia.org/resource-center/,Welcome to National REIA - National REIA
https://nationalreia.org/,Investors,National REIA,National investor association,https://nationalreia.org/news/,Welcome to National REIA - National REIA
https://nationalreia.org/,Investors,National REIA,National investor association,https://nationalreia.org/resource-center/,Welcome to National REIA - National REIA
https://nationalreia.org/,Investors,National REIA,National investor association,https://nationalreia.org/education/,Welcome to National REIA - National REIA
https://nationalreia.org/,Investors,National REIA,National investor association,https://nationalreia.org/education/php/,Welcome to National REIA - National REIA
https://nationalreia.org/,Investors,National REIA,National investor association,https://nationalreiau.com/,Welcome to National REIA - National REIA
https://nationalreia.org/,Investors,National REIA,National investor association,https://nationalreia.memberflow.com/events,Welcome to National REIA - National REIA
https://nationalreia.org/,Investors,National REIA,National investor association,https://community.nationalreia.org/,Welcome to National REIA - National REIA
https://nationalreia.org/,Investors,National REIA,National investor association,https://community.nationalreia.org/,Welcome to National REIA - National REIA
https://nationalreia.org/,Investors,National REIA,National investor association,https://twitter.com/nationalreia,Welcome to National REIA - National REIA
https://nationalreia.org/,Investors,National REIA,National investor association,https://www.facebook.com/NationalREIA,Welcome to National REIA - National REIA
https://nationalreia.org/,Investors,National REIA,National investor association,https://www.youtube.com/c/NationalREIA,Welcome to National REIA - National REIA
https://nationalreia.org/,Investors,National REIA,National investor association,https://nationalreia.memberflow.com/,Welcome to National REIA - National REIA
https://nationalreia.org/,Investors,National REIA,National investor association,https://nationalreia.org/find-a-reia/,Welcome to National REIA - National REIA
https://nationalreia.org/,Investors,National REIA,National investor association,https://nationalreia.org/advocacy/,Welcome to National REIA - National REIA
https://nationalreia.org/,Investors,National REIA,National investor association,https://nationalreia.org/resource-center/,Welcome to National REIA - National REIA
https://nationalreia.org/,Investors,National REIA,National investor association,https://nationalreia.org/news/,Welcome to National REIA - National REIA
https://nationalreia.org/,Investors,National REIA,National investor association,https://nationalreia.org/resource-center/,Welcome to National REIA - National REIA
https://nationalreia.org/,Investors,National REIA,National investor association,https://nationalreia.org/education/,Welcome to National REIA - National REIA
https://nationalreia.org/,Investors,National REIA,National investor association,https://nationalreia.org/education/php/,Welcome to National REIA - National REIA
https://nationalreia.org/,Investors,National REIA,National investor association,https://nationalreiau.com/,Welcome to National REIA - National REIA
https://nationalreia.org/,Investors,National REIA,National investor association,https://nationalreia.memberflow.com/events,Welcome to National REIA - National REIA
https://nationalreia.org/,Investors,National REIA,National investor association,https://community.nationalreia.org/,Welcome to National REIA - National REIA
https://nationalreia.org/,Investors,National REIA,National investor association,https://community.nationalreia.org/,Welcome to National REIA - National REIA
https://nationalreia.org/,Investors,National REIA,National investor association,https://twitter.com/nationalreia,Welcome to National REIA - National REIA
https://nationalreia.org/,Investors,National REIA,National investor association,https://www.facebook.com/NationalREIA,Welcome to National REIA - National REIA
https://nationalreia.org/,Investors,National REIA,National investor association,https://www.youtube.com/c/NationalREIA,Welcome to National REIA - National REIA
https://nationalreia.org/,Investors,National REIA,National investor association,https://nationalreia.memberflow.com/,Welcome to National REIA - National REIA
https://nationalreia.org/,Investors,National REIA,National investor association,https://nationalreia.org/find-a-reia/,Welcome to National REIA - National REIA
https://nationalreia.org/,Investors,National REIA,National investor association,https://nationalreia.org/investors/,Welcome to National REIA - National REIA
https://nationalreia.org/,Investors,National REIA,National investor association,https://nationalreia.org/find-a-reia/,Welcome to National REIA - National REIA
https://nationalreia.org/,Investors,National REIA,National investor association,https://nationalreia.org/associations/,Welcome to National REIA - National REIA
https://nationalreia.org/,Investors,National REIA,National investor association,https://nationalreia.org/associations/,Welcome to National REIA - National REIA
https://nationalreia.org/,Investors,National REIA,National investor association,https://nationalreia.org/industry-partners/,Welcome to National REIA - National REIA
https://nationalreia.org/,Investors,National REIA,National investor association,https://nationalreia.org/industry-partners/,Welcome to National REIA - National REIA
https://nationalreia.org/,Investors,National REIA,National investor association,https://nationalreia.org/homedepot/,Welcome to National REIA - National REIA
https://nationalreia.org/,Investors,National REIA,National investor association,https://nationalreia.org/homedepot/,Welcome to National REIA - National REIA
https://nationalreia.org/,Investors,National REIA,National investor association,https://nationalreia.org/benefits/,Welcome to National REIA - National REIA
https://nationalreia.org/,Investors,National REIA,National investor association,https://nationalreia.org/benefits/,Welcome to National REIA - National REIA
https://nationalreia.org/,Investors,National REIA,National investor association,https://nationalreia.org/benefits/,Welcome to National REIA - National REIA
https://nationalreia.org/,Investors,National REIA,National investor association,https://nationalreia.org/benefits/,Welcome to National REIA - National REIA
https://nationalreia.org/,Investors,National REIA,National investor association,https://nationalreia.org/benefits/,Welcome to National REIA - National REIA
https://nationalreia.org/,Investors,National REIA,National investor association,https://nationalreia.org/join/,Welcome to National REIA - National REIA
https://nationalreia.org/,Investors,National REIA,National investor association,https://www.constantcontact.com/legal/about-constant-contact,Welcome to National REIA - National REIA
https://nationalreia.org/,Investors,National REIA,National investor association,https://nationalreia.org/wp-content/uploads/2020/10/posterframe.jpg,Welcome to National REIA - National REIA
https://nationalreia.org/,Investors,National REIA,National investor association,https://nationalreia.org/wp-content/uploads/2020/09/walter.jpg,Welcome to National REIA - National REIA
https://nationalreia.org/,Investors,National REIA,National investor association,https://nationalreia.org/wp-content/uploads/2020/09/jeff.jpg,Welcome to National REIA - National REIA
https://nationalreia.org/,Investors,National REIA,National investor association,https://nationalreia.org/wp-content/uploads/2020/09/george-lisa.jpg,Welcome to National REIA - National REIA
https://nationalreia.org/,Investors,National REIA,National investor association,https://nationalreia.org/wp-content/uploads/2020/09/ava-bob.jpg,Welcome to National REIA - National REIA
https://nationalreia.org/,Investors,National REIA,National investor association,https://nationalreia.org/wp-content/uploads/2020/09/karla.jpg,Welcome to National REIA - National REIA
https://nationalreia.org/,Investors,National REIA,National investor association,https://nationalreia.org/wp-content/uploads/2020/09/mark.jpg,Welcome to National REIA - National REIA
https://nationalreia.org/,Investors,National REIA,National investor association,https://nationalreia.org/wp-content/uploads/2020/09/randy.jpg,Welcome to National REIA - National REIA
https://nationalreia.org/,Investors,National REIA,National investor association,https://nationalreia.org/wp-content/uploads/2020/09/joe.jpg,Welcome to National REIA - National REIA
https://nationalreia.org/,Investors,National REIA,National investor association,https://nationalreia.org/join/,Welcome to National REIA - National REIA
https://nationalreia.org/,Investors,National REIA,National investor association,https://nationalreia.org/wp-content/uploads/2022/08/Atlanta-apartment-boom-Weve-never-seen-anything-like-this-â€”-ever.-Atlanta-Business-Chronicle-2-3-22.pdf,Welcome to National REIA - National REIA
https://nationalreia.org/,Investors,National REIA,National investor association,https://realestateinvestingtoday.com/2022-investment-property-stats-tips/,Welcome to National REIA - National REIA
https://nationalreia.org/,Investors,National REIA,National investor association,https://nationalreia.org/wp-content/uploads/2022/08/What-rental-property-owners-need-to-know-about-selling-now-Business-Insider-10-29-20.pdf,Welcome to National REIA - National REIA
https://nationalreia.org/,Investors,National REIA,National investor association,https://nationalreia.org/wp-content/uploads/2022/08/Tassell-helps-investors-navigate-real-estate-challenges-Cincinnati-Business-Courier-8-11-22.pdf,Welcome to National REIA - National REIA
https://nationalreia.org/,Investors,National REIA,National investor association,https://realestateinvestingtoday.com/cincinnatis-new-security-deposit-rules-explained/,Welcome to National REIA - National REIA
https://nationalreia.org/,Investors,National REIA,National investor association,https://twitter.com/nationalreia,Welcome to National REIA - National REIA
https://nationalreia.org/,Investors,National REIA,National investor association,https://www.facebook.com/NationalREIA,Welcome to National REIA - National REIA
https://nationalreia.org/,Investors,National REIA,National investor association,https://www.youtube.com/c/NationalREIA,Welcome to National REIA - National REIA
https://nationalreia.org/,Investors,National REIA,National investor association,https://nationalreia.org/find-a-reia/,Welcome to National REIA - National REIA
https://nationalreia.org/,Investors,National REIA,National investor association,https://nationalreia.org/benefits/,Welcome to National REIA - National REIA
https://nationalreia.org/,Investors,National REIA,National investor association,https://nationalreiau.org,Welcome to National REIA - National REIA
https://nationalreia.org/,Investors,National REIA,National investor association,http://realestateinvestingtoday.com/,Welcome to National REIA - National REIA
https://nationalreia.org/,Investors,National REIA,National investor association,https://nationalreia.org/reia-in-the-community/,Welcome to National REIA - National REIA
https://nationalreia.org/,Investors,National REIA,National investor association,https://nationalreia.org/about/,Welcome to National REIA - National REIA
https://nationalreia.org/,Investors,National REIA,National investor association,https://photos.nationalreia.org,Welcome to National REIA - National REIA
https://nationalreia.org/,Investors,National REIA,National investor association,https://nationalreia.org/find-a-reia/,Welcome to National REIA - National REIA
https://nationalreia.org/,Investors,National REIA,National investor association,https://nationalreia.org/benefits/,Welcome to National REIA - National REIA
https://nationalreia.org/,Investors,National REIA,National investor association,https://nationalreiau.org,Welcome to National REIA - National REIA
https://nationalreia.org/,Investors,National REIA,National investor association,http://realestateinvestingtoday.com/,Welcome to National REIA - National REIA
https://nationalreia.org/,Investors,National REIA,National investor association,https://nationalreia.org/reia-in-the-community/,Welcome to National REIA - National REIA
https://nationalreia.org/,Investors,National REIA,National investor association,https://nationalreia.org/about/,Welcome to National REIA - National REIA
https://nationalreia.org/,Investors,National REIA,National investor association,https://photos.nationalreia.org,Welcome to National REIA - National REIA
https://nationalreia.org/,Investors,National REIA,National investor association,https://nationalreia.org/privacy-policy/,Welcome to National REIA - National REIA
https://www.reia.org/index.php?option=com_jevents&Itemid=139&task=.,Golden Egg,REIA Events & Networking,Networking events,https://www.reia.org/,Event Calendar
https://www.reia.org/index.php?option=com_jevents&Itemid=139&task=.,Golden Egg,REIA Events & Networking,Networking events,https://reia.memberclicks.net/leadership-25-2#executive-committee-directors,Event Calendar
https://www.reia.org/index.php?option=com_jevents&Itemid=139&task=.,Golden Egg,REIA Events & Networking,Networking events,https://reia.memberclicks.net/leadership-25-2#board-of-advisors,Event Calendar
https://www.reia.org/index.php?option=com_jevents&Itemid=139&task=.,Golden Egg,REIA Events & Networking,Networking events,https://reia.memberclicks.net/leadership#directors-at-large,Event Calendar
https://www.reia.org/index.php?option=com_jevents&Itemid=139&task=.,Golden Egg,REIA Events & Networking,Networking events,https://reia.memberclicks.net/reia-membership#benefits,Event Calendar
https://www.reia.org/index.php?option=com_jevents&Itemid=139&task=.,Golden Egg,REIA Events & Networking,Networking events,https://reia.memberclicks.net/reia-membership#categories,Event Calendar
https://www.reia.org/index.php?option=com_jevents&Itemid=139&task=.,Golden Egg,REIA Events & Networking,Networking events,https://www.reia.org/,Event Calendar
https://www.reia.org/index.php?option=com_jevents&Itemid=139&task=.,Golden Egg,REIA Events & Networking,Networking events,https://reia.memberclicks.net/leadership-25-2#executive-committee-directors,Event Calendar
https://www.reia.org/index.php?option=com_jevents&Itemid=139&task=.,Golden Egg,REIA Events & Networking,Networking events,https://reia.memberclicks.net/leadership-25-2#board-of-advisors,Event Calendar
https://www.reia.org/index.php?option=com_jevents&Itemid=139&task=.,Golden Egg,REIA Events & Networking,Networking events,https://reia.memberclicks.net/leadership#directors-at-large,Event Calendar
https://www.reia.org/index.php?option=com_jevents&Itemid=139&task=.,Golden Egg,REIA Events & Networking,Networking events,https://reia.memberclicks.net/reia-membership#benefits,Event Calendar
https://www.reia.org/index.php?option=com_jevents&Itemid=139&task=.,Golden Egg,REIA Events & Networking,Networking events,https://reia.memberclicks.net/reia-membership#categories,Event Calendar
https://www.reia.org/index.php?option=com_jevents&Itemid=139&task=.,Golden Egg,REIA Events & Networking,Networking events,http://www.reia.org,Event Calendar
https://www.reia.org/index.php?option=com_jevents&Itemid=139&task=.,Golden Egg,REIA Events & Networking,Networking events,https://www.linkedin.com/company/real-estate-investment-association-reia-chicago/?viewAsMember=true,Event Calendar
https://www.reia.org/index.php?option=com_jevents&Itemid=139&task=.,Golden Egg,REIA Events & Networking,Networking events,https://www.instagram.com/reiachicago/,Event Calendar
https://www.reia.org/index.php?option=com_jevents&Itemid=139&task=.,Golden Egg,REIA Events & Networking,Networking events,https://www.instagram.com/reiachicago/,Event Calendar
https://www.reia.org/index.php?option=com_jevents&Itemid=139&task=.,Golden Egg,REIA Events & Networking,Networking events,http://www.memberclicks.com/,Event Calendar
https://reia.memberclicks.net/index.php?option=com_mcform&view=ngforms&id=15516,Industry Directory,REIA - Join REIA Now,Investor association,https://reia.memberclicks.net/,Real Estate Investment Association
https://reia.memberclicks.net/index.php?option=com_mcform&view=ngforms&id=15516,Industry Directory,REIA - Join REIA Now,Investor association,https://reia.memberclicks.net/leadership-25-2#executive-committee-directors,Real Estate Investment Association
https://reia.memberclicks.net/index.php?option=com_mcform&view=ngforms&id=15516,Industry Directory,REIA - Join REIA Now,Investor association,https://reia.memberclicks.net/leadership-25-2#board-of-advisors,Real Estate Investment Association
https://reia.memberclicks.net/index.php?option=com_mcform&view=ngforms&id=15516,Industry Directory,REIA - Join REIA Now,Investor association,https://reia.memberclicks.net/leadership#directors-at-large,Real Estate Investment Association
https://reia.memberclicks.net/index.php?option=com_mcform&view=ngforms&id=15516,Industry Directory,REIA - Join REIA Now,Investor association,https://reia.memberclicks.net/reia-membership#benefits,Real Estate Investment Association
https://reia.memberclicks.net/index.php?option=com_mcform&view=ngforms&id=15516,Industry Directory,REIA - Join REIA Now,Investor association,https://reia.memberclicks.net/reia-membership#categories,Real Estate Investment Association
https://reia.memberclicks.net/index.php?option=com_mcform&view=ngforms&id=15516,Industry Directory,REIA - Join REIA Now,Investor association,https://reia.memberclicks.net/,Real Estate Investment Association
https://reia.memberclicks.net/index.php?option=com_mcform&view=ngforms&id=15516,Industry Directory,REIA - Join REIA Now,Investor association,https://reia.memberclicks.net/leadership-25-2#executive-committee-directors,Real Estate Investment Association
https://reia.memberclicks.net/index.php?option=com_mcform&view=ngforms&id=15516,Industry Directory,REIA - Join REIA Now,Investor association,https://reia.memberclicks.net/leadership-25-2#board-of-advisors,Real Estate Investment Association
https://reia.memberclicks.net/index.php?option=com_mcform&view=ngforms&id=15516,Industry Directory,REIA - Join REIA Now,Investor association,https://reia.memberclicks.net/leadership#directors-at-large,Real Estate Investment Association
https://reia.memberclicks.net/index.php?option=com_mcform&view=ngforms&id=15516,Industry Directory,REIA - Join REIA Now,Investor association,https://reia.memberclicks.net/reia-membership#benefits,Real Estate Investment Association
https://reia.memberclicks.net/index.php?option=com_mcform&view=ngforms&id=15516,Industry Directory,REIA - Join REIA Now,Investor association,https://reia.memberclicks.net/reia-membership#categories,Real Estate Investment Association
https://reia.memberclicks.net/index.php?option=com_mcform&view=ngforms&id=15516,Industry Directory,REIA - Join REIA Now,Investor association,http://www.reia.org,Real Estate Investment Association
https://reia.memberclicks.net/index.php?option=com_mcform&view=ngforms&id=15516,Industry Directory,REIA - Join REIA Now,Investor association,https://www.linkedin.com/company/real-estate-investment-association-reia-chicago/?viewAsMember=true,Real Estate Investment Association
https://reia.memberclicks.net/index.php?option=com_mcform&view=ngforms&id=15516,Industry Directory,REIA - Join REIA Now,Investor association,https://www.instagram.com/reiachicago/,Real Estate Investment Association
https://reia.memberclicks.net/index.php?option=com_mcform&view=ngforms&id=15516,Industry Directory,REIA - Join REIA Now,Investor association,https://www.instagram.com/reiachicago/,Real Estate Investment Association
https://reia.memberclicks.net/index.php?option=com_mcform&view=ngforms&id=15516,Industry Directory,REIA - Join REIA Now,Investor association,http://www.memberclicks.com/,Real Estate Investment Association
https://connectedinvestors.com/investment-property/fl,Distressed Properties,Connected Investors - Florida Investment Properties,Direct investment property listings,https://connectedinvestors.platlabs.com/login,"Florida Investment Properties 2026 | 4,173,778 Properties For Sale | Connected Investors"
https://connectedinvestors.com/investment-property/fl,Distressed Properties,Connected Investors - Florida Investment Properties,Direct investment property listings,https://connectedinvestors.com/get-started,"Florida Investment Properties 2026 | 4,173,778 Properties For Sale | Connected Investors"
https://connectedinvestors.com/investment-property/fl,Distressed Properties,Connected Investors - Florida Investment Properties,Direct investment property listings,https://apps.apple.com/us/app/connected-investors/id1029596546,"Florida Investment Properties 2026 | 4,173,778 Properties For Sale | Connected Investors"
https://connectedinvestors.com/investment-property/fl,Distressed Properties,Connected Investors - Florida Investment Properties,Direct investment property listings,https://connectedinvestors.com,"Florida Investment Properties 2026 | 4,173,778 Properties For Sale | Connected Investors"
https://connectedinvestors.com/investment-property/fl,Distressed Properties,Connected Investors - Florida Investment Properties,Direct investment property listings,https://connectedinvestors.com/contact,"Florida Investment Properties 2026 | 4,173,778 Properties For Sale | Connected Investors"
https://connectedinvestors.com/investment-property/fl,Distressed Properties,Connected Investors - Florida Investment Properties,Direct investment property listings,https://careers.firstam.com,"Florida Investment Properties 2026 | 4,173,778 Properties For Sale | Connected Investors"
https://connectedinvestors.com/investment-property/fl,Distressed Properties,Connected Investors - Florida Investment Properties,Direct investment property listings,https://connectedinvestors.com/terms-and-conditions,"Florida Investment Properties 2026 | 4,173,778 Properties For Sale | Connected Investors"
https://connectedinvestors.com/investment-property/fl,Distressed Properties,Connected Investors - Florida Investment Properties,Direct investment property listings,https://connectedinvestors.com/privacy-policy,"Florida Investment Properties 2026 | 4,173,778 Properties For Sale | Connected Investors"
https://connectedinvestors.com/investment-property/fl,Distressed Properties,Connected Investors - Florida Investment Properties,Direct investment property listings,https://firstam.service-now.com/x_farf2_dp_request_ci_opt_out.do?sysparm_id=6d6e7e8edb3e3158665f182813961985,"Florida Investment Properties 2026 | 4,173,778 Properties For Sale | Connected Investors"
https://connectedinvestors.com/investment-property/fl,Distressed Properties,Connected Investors - Florida Investment Properties,Direct investment property listings,https://connectedinvestors.com/ada,"Florida Investment Properties 2026 | 4,173,778 Properties For Sale | Connected Investors"
https://connectedinvestors.com/investment-property/fl,Distressed Properties,Connected Investors - Florida Investment Properties,Direct investment property listings,https://connectedinvestors.com/blog,"Florida Investment Properties 2026 | 4,173,778 Properties For Sale | Connected Investors"
https://connectedinvestors.com/investment-property/fl,Distressed Properties,Connected Investors - Florida Investment Properties,Direct investment property listings,https://connectedinvestors.com/webinars,"Florida Investment Properties 2026 | 4,173,778 Properties For Sale | Connected Investors"
https://connectedinvestors.com/investment-property/fl,Distressed Properties,Connected Investors - Florida Investment Properties,Direct investment property listings,https://connectedinvestors.com/formula,"Florida Investment Properties 2026 | 4,173,778 Properties For Sale | Connected Investors"
https://connectedinvestors.com/investment-property/fl,Distressed Properties,Connected Investors - Florida Investment Properties,Direct investment property listings,https://cix.connectedinvestors.com/,"Florida Investment Properties 2026 | 4,173,778 Properties For Sale | Connected Investors"
https://connectedinvestors.com/investment-property/fl,Distressed Properties,Connected Investors - Florida Investment Properties,Direct investment property listings,https://new.connectedinvestors.com/leads,"Florida Investment Properties 2026 | 4,173,778 Properties For Sale | Connected Investors"
https://connectedinvestors.com/investment-property/fl,Distressed Properties,Connected Investors - Florida Investment Properties,Direct investment property listings,https://www.facebook.com/connectedinvestors,"Florida Investment Properties 2026 | 4,173,778 Properties For Sale | Connected Investors"
https://connectedinvestors.com/investment-property/fl,Distressed Properties,Connected Investors - Florida Investment Properties,Direct investment property listings,https://instagram.com/connectedinvestors,"Florida Investment Properties 2026 | 4,173,778 Properties For Sale | Connected Investors"
https://connectedinvestors.com/investment-property/fl,Distressed Properties,Connected Investors - Florida Investment Properties,Direct investment property listings,https://twitter.com/cinvestors,"Florida Investment Properties 2026 | 4,173,778 Properties For Sale | Connected Investors"
https://connectedinvestors.com/investment-property/fl,Distressed Properties,Connected Investors - Florida Investment Properties,Direct investment property listings,https://www.youtube.com/user/ConnectedInvestors,"Florida Investment Properties 2026 | 4,173,778 Properties For Sale | Connected Investors"
https://connectedinvestors.com/investment-property/fl,Distressed Properties,Connected Investors - Florida Investment Properties,Direct investment property listings,https://www.linkedin.com/company/connected-investors/,"Florida Investment Properties 2026 | 4,173,778 Properties For Sale | Connected Investors"
https://connectedinvestors.com/investment-property/fl,Distressed Properties,Connected Investors - Florida Investment Properties,Direct investment property listings,http://new.connectedinvestors.com/mobile?_gl=1*1e7ssf4*_ga*MTc1NTUwMTI3MC4xNjYzMDE1Nzgz*_ga_G1P40MVL9X*MTY2MzAxNTc4My4xLjAuMTY2MzAxNTc4Ni41Ny4wLjA.&_ga=2.88129115.139101090.1663015784-1755501270.1663015783,"Florida Investment Properties 2026 | 4,173,778 Properties For Sale | Connected Investors"
